{"S_S200308_0W10XH": {"spaces": [{"size": [0.5199999809265137, 0.5199999809265137, 2.0], "center": [0.0, 0.0, 1.750002145767212]}], "objects": [{"name": "model", "rot": [0.0, 0.0, 0.0], "pos": [0.0, 0.0, 2.088503833874711e-06], "size": [0.75, 0.75, 0.7499830722808838], "center": [0.0, 0.0, 0.3750084638595581], "materials": ["white", "silver", "black_leg"]}, {"name": "model2", "rot": [0.0, -0.0, -1.5707963705062866], "pos": [0.5, 0.0, 2.088503833874711e-06], "size": [0.4496637284755707, 0.5366089344024658, 0.8185276985168457], "center": [0.0, 8.331239223480225e-05, 0.40926176192522234], "materials": ["mint", "silver", "black_leg"]}, {"name": "model2", "rot": [0.0, 0.0, -4.71238899230957], "pos": [-0.5, 0.0, 2.088503833874711e-06], "size": [0.4496637284755707, 0.5366089344024658, 0.8185276985168457], "center": [0.0, 8.331239223480225e-05, 0.40926176192522234], "materials": ["mint", "silver", "black_leg"]}], "size": [1.4496637284755707, 0.75, 0.8185277008581124]}}